partition_shape,site,split,images_seed19,images_seed42,images_seed50,patients_seed19,patients_seed42,patients_seed50,patients_HER2pos_seed19,patients_HER2pos_seed42,patients_HER2pos_seed50,patients_HRposHER2neg_seed19,patients_HRposHER2neg_seed42,patients_HRposHER2neg_seed50,patients_TripleNeg_seed19,patients_TripleNeg_seed42,patients_TripleNeg_seed50
2_clients_balanced,hospital_1,train,4854.0,4870.0,4862.0,612.0,612.0,612.0,138.0,138.0,138.0,310.0,310.0,310.0,164.0,164.0,164.0
2_clients_balanced,hospital_1,val,1207.0,1214.0,1204.0,152.0,152.0,152.0,34.0,34.0,34.0,77.0,77.0,77.0,41.0,41.0,41.0
2_clients_balanced,hospital_2,train,4863.0,4849.0,4853.0,611.0,611.0,611.0,138.0,138.0,138.0,309.0,309.0,309.0,164.0,164.0,164.0
2_clients_balanced,hospital_2,val,1207.0,1198.0,1212.0,152.0,152.0,152.0,34.0,34.0,34.0,77.0,77.0,77.0,41.0,41.0,41.0
3_clients_balanced,hospital_1,train,3237.0,3245.0,3243.0,408.0,408.0,408.0,92.0,92.0,92.0,206.0,206.0,206.0,110.0,110.0,110.0
3_clients_balanced,hospital_1,val,803.0,816.0,816.0,102.0,102.0,102.0,23.0,23.0,23.0,52.0,52.0,52.0,27.0,27.0,27.0
3_clients_balanced,hospital_2,train,3245.0,3249.0,3245.0,408.0,408.0,408.0,92.0,92.0,92.0,206.0,206.0,206.0,110.0,110.0,110.0
3_clients_balanced,hospital_2,val,816.0,814.0,805.0,102.0,102.0,102.0,23.0,23.0,23.0,52.0,52.0,52.0,27.0,27.0,27.0
3_clients_balanced,hospital_3,train,3228.0,3206.0,3217.0,406.0,406.0,406.0,91.0,91.0,91.0,206.0,206.0,206.0,109.0,109.0,109.0
3_clients_balanced,hospital_3,val,802.0,801.0,805.0,101.0,101.0,101.0,23.0,23.0,23.0,51.0,51.0,51.0,27.0,27.0,27.0
3_clients_cohort,hospital_1,train,4055.0,4067.0,4052.0,514.0,514.0,514.0,91.0,91.0,91.0,341.0,341.0,341.0,82.0,82.0,82.0
3_clients_cohort,hospital_1,val,1019.0,1007.0,1022.0,128.0,128.0,128.0,23.0,23.0,23.0,85.0,85.0,85.0,20.0,20.0,20.0
3_clients_cohort,hospital_2,train,652.0,652.0,652.0,82.0,82.0,82.0,26.0,26.0,26.0,34.0,34.0,34.0,22.0,22.0,22.0
3_clients_cohort,hospital_2,val,152.0,152.0,152.0,19.0,19.0,19.0,6.0,6.0,6.0,8.0,8.0,8.0,5.0,5.0,5.0
3_clients_cohort,hospital_3,train,5001.0,5005.0,5009.0,627.0,627.0,627.0,158.0,158.0,158.0,244.0,244.0,244.0,225.0,225.0,225.0
3_clients_cohort,hospital_3,val,1252.0,1248.0,1244.0,157.0,157.0,157.0,40.0,40.0,40.0,61.0,61.0,61.0,56.0,56.0,56.0
3_clients_sizematched,hospital_1,train,4079.0,4096.0,4089.0,514.0,514.0,514.0,116.0,116.0,116.0,260.0,260.0,260.0,138.0,138.0,138.0
3_clients_sizematched,hospital_1,val,1015.0,1020.0,1017.0,128.0,128.0,128.0,29.0,29.0,29.0,65.0,65.0,65.0,34.0,34.0,34.0
3_clients_sizematched,hospital_2,train,644.0,640.0,633.0,81.0,81.0,81.0,18.0,18.0,18.0,41.0,41.0,41.0,22.0,22.0,22.0
3_clients_sizematched,hospital_2,val,158.0,160.0,159.0,20.0,20.0,20.0,5.0,5.0,5.0,10.0,10.0,10.0,5.0,5.0,5.0
3_clients_sizematched,hospital_3,train,4991.0,4976.0,4997.0,628.0,628.0,628.0,141.0,141.0,141.0,318.0,318.0,318.0,169.0,169.0,169.0
3_clients_sizematched,hospital_3,val,1244.0,1239.0,1236.0,156.0,156.0,156.0,35.0,35.0,35.0,79.0,79.0,79.0,42.0,42.0,42.0
4_clients_balanced,hospital_1,train,2430.0,2439.0,2435.0,306.0,306.0,306.0,69.0,69.0,69.0,155.0,155.0,155.0,82.0,82.0,82.0
4_clients_balanced,hospital_1,val,610.0,614.0,615.0,77.0,77.0,77.0,17.0,17.0,17.0,39.0,39.0,39.0,21.0,21.0,21.0
4_clients_balanced,hospital_2,train,2432.0,2423.0,2418.0,305.0,305.0,305.0,69.0,69.0,69.0,154.0,154.0,154.0,82.0,82.0,82.0
4_clients_balanced,hospital_2,val,597.0,616.0,606.0,77.0,77.0,77.0,17.0,17.0,17.0,39.0,39.0,39.0,21.0,21.0,21.0
4_clients_balanced,hospital_3,train,2426.0,2426.0,2423.0,305.0,305.0,305.0,69.0,69.0,69.0,154.0,154.0,154.0,82.0,82.0,82.0
4_clients_balanced,hospital_3,val,605.0,608.0,608.0,76.0,76.0,76.0,17.0,17.0,17.0,39.0,39.0,39.0,20.0,20.0,20.0
4_clients_balanced,hospital_4,train,2430.0,2399.0,2422.0,305.0,305.0,305.0,69.0,69.0,69.0,154.0,154.0,154.0,82.0,82.0,82.0
4_clients_balanced,hospital_4,val,601.0,606.0,604.0,76.0,76.0,76.0,17.0,17.0,17.0,39.0,39.0,39.0,20.0,20.0,20.0
4_clients_skewed,hospital_1,train,5386.0,5395.0,5384.0,678.0,678.0,678.0,153.0,153.0,153.0,343.0,343.0,343.0,182.0,182.0,182.0
4_clients_skewed,hospital_1,val,1341.0,1358.0,1353.0,170.0,170.0,170.0,38.0,38.0,38.0,86.0,86.0,86.0,46.0,46.0,46.0
4_clients_skewed,hospital_2,train,2179.0,2171.0,2167.0,273.0,273.0,273.0,62.0,62.0,62.0,138.0,138.0,138.0,73.0,73.0,73.0
4_clients_skewed,hospital_2,val,527.0,534.0,536.0,67.0,67.0,67.0,15.0,15.0,15.0,34.0,34.0,34.0,18.0,18.0,18.0
4_clients_skewed,hospital_3,train,1085.0,1073.0,1082.0,136.0,136.0,136.0,30.0,30.0,30.0,69.0,69.0,69.0,37.0,37.0,37.0
4_clients_skewed,hospital_3,val,268.0,266.0,272.0,34.0,34.0,34.0,8.0,8.0,8.0,17.0,17.0,17.0,9.0,9.0,9.0
4_clients_skewed,hospital_4,train,1074.0,1066.0,1072.0,135.0,135.0,135.0,30.0,30.0,30.0,69.0,69.0,69.0,36.0,36.0,36.0
4_clients_skewed,hospital_4,val,271.0,268.0,265.0,34.0,34.0,34.0,8.0,8.0,8.0,17.0,17.0,17.0,9.0,9.0,9.0
